ts_utc,market_key,action,status,reason_code,leg1_side,yes_ask,no_ask,sum_ask,seconds_to_close,leg1_price,leg2_price,unwind_price,order_id_leg1,order_id_leg2,fill_status_leg1,fill_status_leg2,hedge_latency_ms,unwind_triggered,pnl_delta,pnl_total,feed_source,note
2026-03-30T12:20:04Z,BTC5M_2026-03-30T12:25:00Z,skip_entry,blocked,blocked_target_profit_floor,yes,0.36,0.65,1.01,296,,,,,,,,,,0.0,0.0,rest_fallback,sum_ask=1.010000 required_sum_ask<=0.990000 target_profit_pct=1.0000
2026-03-30T12:20:05Z,ETH5M_2026-03-30T12:25:00Z,skip_entry,blocked,blocked_target_profit_floor,yes,0.29,0.73,1.02,295,,,,,,,,,,0.0,0.0,rest_fallback,sum_ask=1.020000 required_sum_ask<=0.990000 target_profit_pct=1.0000
2026-03-30T12:20:05Z,XRP5M_2026-03-30T12:25:00Z,skip_entry,blocked,blocked_target_profit_floor,yes,0.39,0.64,1.03,295,,,,,,,,,,0.0,0.0,rest_fallback,sum_ask=1.030000 required_sum_ask<=0.990000 target_profit_pct=1.0000
2026-03-30T12:20:05Z,DOGE5M_2026-03-30T12:25:00Z,skip_entry,blocked,blocked_target_profit_floor,yes,0.48,0.58,1.06,295,,,,,,,,,,0.0,0.0,rest_fallback,sum_ask=1.060000 required_sum_ask<=0.990000 target_profit_pct=1.0000
2026-03-30T12:20:06Z,BNB5M_2026-03-30T12:25:00Z,skip_entry,blocked,blocked_target_profit_floor,yes,0.48,0.88,1.36,294,,,,,,,,,,0.0,0.0,rest_fallback,sum_ask=1.360000 required_sum_ask<=0.990000 target_profit_pct=1.0000
2026-03-30T12:20:06Z,HYPE5M_2026-03-30T12:25:00Z,skip_entry,blocked,blocked_target_profit_floor,yes,0.52,0.79,1.31,294,,,,,,,,,,0.0,0.0,rest_fallback,sum_ask=1.310000 required_sum_ask<=0.990000 target_profit_pct=1.0000
2026-03-30T12:20:20Z,BTC5M_2026-03-30T12:25:00Z,skip_entry,blocked,blocked_target_profit_floor,yes,0.3,0.71,1.01,280,,,,,,,,,,0.0,0.0,rest_fallback,sum_ask=1.010000 required_sum_ask<=0.990000 target_profit_pct=1.0000
2026-03-30T12:20:20Z,ETH5M_2026-03-30T12:25:00Z,skip_entry,blocked,blocked_target_profit_floor,yes,0.27,0.74,1.01,280,,,,,,,,,,0.0,0.0,rest_fallback,sum_ask=1.010000 required_sum_ask<=0.990000 target_profit_pct=1.0000
2026-03-30T12:20:21Z,XRP5M_2026-03-30T12:25:00Z,skip_entry,blocked,blocked_target_profit_floor,yes,0.39,0.62,1.01,279,,,,,,,,,,0.0,0.0,rest_fallback,sum_ask=1.010000 required_sum_ask<=0.990000 target_profit_pct=1.0000
2026-03-30T12:20:21Z,DOGE5M_2026-03-30T12:25:00Z,skip_entry,blocked,blocked_target_profit_floor,yes,0.36,0.78,1.14,279,,,,,,,,,,0.0,0.0,rest_fallback,sum_ask=1.140000 required_sum_ask<=0.990000 target_profit_pct=1.0000
2026-03-30T12:20:21Z,BNB5M_2026-03-30T12:25:00Z,skip_entry,blocked,blocked_target_profit_floor,yes,0.34,0.84,1.18,279,,,,,,,,,,0.0,0.0,rest_fallback,sum_ask=1.180000 required_sum_ask<=0.990000 target_profit_pct=1.0000
2026-03-30T12:20:22Z,HYPE5M_2026-03-30T12:25:00Z,skip_entry,blocked,blocked_target_profit_floor,yes,0.48,0.8,1.28,278,,,,,,,,,,0.0,0.0,rest_fallback,sum_ask=1.280000 required_sum_ask<=0.990000 target_profit_pct=1.0000
2026-03-30T12:20:36Z,BTC5M_2026-03-30T12:25:00Z,skip_entry,blocked,blocked_target_profit_floor,yes,0.32,0.69,1.01,264,,,,,,,,,,0.0,0.0,rest_fallback,sum_ask=1.010000 required_sum_ask<=0.990000 target_profit_pct=1.0000
2026-03-30T12:20:36Z,ETH5M_2026-03-30T12:25:00Z,skip_entry,blocked,blocked_target_profit_floor,yes,0.23,0.78,1.01,264,,,,,,,,,,0.0,0.0,rest_fallback,sum_ask=1.010000 required_sum_ask<=0.990000 target_profit_pct=1.0000
2026-03-30T12:20:37Z,XRP5M_2026-03-30T12:25:00Z,skip_entry,blocked,blocked_target_profit_floor,yes,0.35,0.66,1.01,263,,,,,,,,,,0.0,0.0,rest_fallback,sum_ask=1.010000 required_sum_ask<=0.990000 target_profit_pct=1.0000
2026-03-30T12:20:37Z,DOGE5M_2026-03-30T12:25:00Z,skip_entry,blocked,blocked_target_profit_floor,yes,0.36,0.76,1.12,263,,,,,,,,,,0.0,0.0,rest_fallback,sum_ask=1.120000 required_sum_ask<=0.990000 target_profit_pct=1.0000
2026-03-30T12:20:37Z,BNB5M_2026-03-30T12:25:00Z,skip_entry,blocked,blocked_target_profit_floor,yes,0.24,0.81,1.05,263,,,,,,,,,,0.0,0.0,rest_fallback,sum_ask=1.050000 required_sum_ask<=0.990000 target_profit_pct=1.0000
2026-03-30T12:20:38Z,HYPE5M_2026-03-30T12:25:00Z,skip_entry,blocked,blocked_target_profit_floor,yes,0.4,0.76,1.16,262,,,,,,,,,,0.0,0.0,rest_fallback,sum_ask=1.160000 required_sum_ask<=0.990000 target_profit_pct=1.0000
2026-03-30T12:20:52Z,BTC5M_2026-03-30T12:25:00Z,skip_entry,blocked,blocked_target_profit_floor,yes,0.28,0.73993333,1.01993333,248,,,,,,,,,,0.0,0.0,rest_fallback,sum_ask=1.019933 required_sum_ask<=0.990000 target_profit_pct=1.0000
2026-03-30T12:20:52Z,ETH5M_2026-03-30T12:25:00Z,skip_entry,blocked,blocked_target_profit_floor,yes,0.13,0.88,1.01,248,,,,,,,,,,0.0,0.0,rest_fallback,sum_ask=1.010000 required_sum_ask<=0.990000 target_profit_pct=1.0000
2026-03-30T12:20:52Z,XRP5M_2026-03-30T12:25:00Z,skip_entry,blocked,blocked_target_profit_floor,yes,0.2,0.81,1.01,248,,,,,,,,,,0.0,0.0,rest_fallback,sum_ask=1.010000 required_sum_ask<=0.990000 target_profit_pct=1.0000
2026-03-30T12:20:53Z,DOGE5M_2026-03-30T12:25:00Z,skip_entry,blocked,blocked_target_profit_floor,yes,0.24,0.8,1.04,247,,,,,,,,,,0.0,0.0,rest_fallback,sum_ask=1.040000 required_sum_ask<=0.990000 target_profit_pct=1.0000
2026-03-30T12:20:53Z,BNB5M_2026-03-30T12:25:00Z,skip_entry,blocked,blocked_target_profit_floor,yes,0.18,0.86,1.04,247,,,,,,,,,,0.0,0.0,rest_fallback,sum_ask=1.040000 required_sum_ask<=0.990000 target_profit_pct=1.0000
2026-03-30T12:20:53Z,HYPE5M_2026-03-30T12:25:00Z,skip_entry,blocked,blocked_target_profit_floor,yes,0.13,0.89,1.02,247,,,,,,,,,,0.0,0.0,rest_fallback,sum_ask=1.020000 required_sum_ask<=0.990000 target_profit_pct=1.0000
2026-03-30T12:21:08Z,BTC5M_2026-03-30T12:25:00Z,skip_entry,blocked,blocked_target_profit_floor,yes,0.36,0.65,1.01,232,,,,,,,,,,0.0,0.0,rest_fallback,sum_ask=1.010000 required_sum_ask<=0.990000 target_profit_pct=1.0000
2026-03-30T12:21:08Z,ETH5M_2026-03-30T12:25:00Z,skip_entry,blocked,blocked_target_profit_floor,yes,0.13,0.88,1.01,232,,,,,,,,,,0.0,0.0,rest_fallback,sum_ask=1.010000 required_sum_ask<=0.990000 target_profit_pct=1.0000
2026-03-30T12:21:08Z,XRP5M_2026-03-30T12:25:00Z,skip_entry,blocked,blocked_target_profit_floor,yes,0.2,0.81,1.01,232,,,,,,,,,,0.0,0.0,rest_fallback,sum_ask=1.010000 required_sum_ask<=0.990000 target_profit_pct=1.0000
2026-03-30T12:21:09Z,DOGE5M_2026-03-30T12:25:00Z,skip_entry,blocked,blocked_target_profit_floor,yes,0.23,0.79,1.02,231,,,,,,,,,,0.0,0.0,rest_fallback,sum_ask=1.020000 required_sum_ask<=0.990000 target_profit_pct=1.0000
2026-03-30T12:21:09Z,BNB5M_2026-03-30T12:25:00Z,skip_entry,blocked,blocked_target_profit_floor,yes,0.18,0.85,1.03,231,,,,,,,,,,0.0,0.0,rest_fallback,sum_ask=1.030000 required_sum_ask<=0.990000 target_profit_pct=1.0000
2026-03-30T12:21:09Z,HYPE5M_2026-03-30T12:25:00Z,skip_entry,blocked,blocked_target_profit_floor,yes,0.13,0.9,1.03,231,,,,,,,,,,0.0,0.0,rest_fallback,sum_ask=1.030000 required_sum_ask<=0.990000 target_profit_pct=1.0000
2026-03-30T12:21:23Z,BTC5M_2026-03-30T12:25:00Z,skip_entry,blocked,blocked_target_profit_floor,yes,0.4,0.61,1.01,217,,,,,,,,,,0.0,0.0,rest_fallback,sum_ask=1.010000 required_sum_ask<=0.990000 target_profit_pct=1.0000
2026-03-30T12:21:24Z,ETH5M_2026-03-30T12:25:00Z,skip_entry,blocked,blocked_target_profit_floor,yes,0.13,0.88,1.01,216,,,,,,,,,,0.0,0.0,rest_fallback,sum_ask=1.010000 required_sum_ask<=0.990000 target_profit_pct=1.0000
2026-03-30T12:21:24Z,XRP5M_2026-03-30T12:25:00Z,skip_entry,blocked,blocked_target_profit_floor,yes,0.23,0.8,1.03,216,,,,,,,,,,0.0,0.0,rest_fallback,sum_ask=1.030000 required_sum_ask<=0.990000 target_profit_pct=1.0000
2026-03-30T12:21:24Z,DOGE5M_2026-03-30T12:25:00Z,skip_entry,blocked,blocked_target_profit_floor,yes,0.23,0.78,1.01,216,,,,,,,,,,0.0,0.0,rest_fallback,sum_ask=1.010000 required_sum_ask<=0.990000 target_profit_pct=1.0000
2026-03-30T12:21:25Z,BNB5M_2026-03-30T12:25:00Z,skip_entry,blocked,blocked_target_profit_floor,yes,0.18,0.83,1.01,215,,,,,,,,,,0.0,0.0,rest_fallback,sum_ask=1.010000 required_sum_ask<=0.990000 target_profit_pct=1.0000
2026-03-30T12:21:25Z,HYPE5M_2026-03-30T12:25:00Z,skip_entry,blocked,blocked_target_profit_floor,yes,0.1312,0.89,1.0212,215,,,,,,,,,,0.0,0.0,rest_fallback,sum_ask=1.021200 required_sum_ask<=0.990000 target_profit_pct=1.0000
2026-03-30T12:21:39Z,BTC5M_2026-03-30T12:25:00Z,skip_entry,blocked,blocked_target_profit_floor,no,0.6,0.41,1.01,201,,,,,,,,,,0.0,0.0,rest_fallback,sum_ask=1.010000 required_sum_ask<=0.990000 target_profit_pct=1.0000
2026-03-30T12:21:40Z,ETH5M_2026-03-30T12:25:00Z,skip_entry,blocked,blocked_target_profit_floor,yes,0.27,0.74,1.01,200,,,,,,,,,,0.0,0.0,rest_fallback,sum_ask=1.010000 required_sum_ask<=0.990000 target_profit_pct=1.0000
2026-03-30T12:21:40Z,XRP5M_2026-03-30T12:25:00Z,skip_entry,blocked,blocked_target_profit_floor,yes,0.27,0.76,1.03,200,,,,,,,,,,0.0,0.0,rest_fallback,sum_ask=1.030000 required_sum_ask<=0.990000 target_profit_pct=1.0000
2026-03-30T12:21:40Z,DOGE5M_2026-03-30T12:25:00Z,skip_entry,blocked,blocked_target_profit_floor,yes,0.35,0.66,1.01,200,,,,,,,,,,0.0,0.0,rest_fallback,sum_ask=1.010000 required_sum_ask<=0.990000 target_profit_pct=1.0000
2026-03-30T12:21:41Z,BNB5M_2026-03-30T12:25:00Z,skip_entry,blocked,blocked_target_profit_floor,yes,0.25,0.76,1.01,199,,,,,,,,,,0.0,0.0,rest_fallback,sum_ask=1.010000 required_sum_ask<=0.990000 target_profit_pct=1.0000
2026-03-30T12:21:41Z,HYPE5M_2026-03-30T12:25:00Z,skip_entry,blocked,blocked_target_profit_floor,yes,0.29,0.83,1.12,199,,,,,,,,,,0.0,0.0,rest_fallback,sum_ask=1.120000 required_sum_ask<=0.990000 target_profit_pct=1.0000
2026-03-30T12:21:55Z,BTC5M_2026-03-30T12:25:00Z,skip_entry,blocked,blocked_target_profit_floor,no,0.65,0.37,1.02,185,,,,,,,,,,0.0,0.0,rest_fallback,sum_ask=1.020000 required_sum_ask<=0.990000 target_profit_pct=1.0000
2026-03-30T12:21:55Z,ETH5M_2026-03-30T12:25:00Z,skip_entry,blocked,blocked_target_profit_floor,yes,0.31,0.71,1.02,185,,,,,,,,,,0.0,0.0,rest_fallback,sum_ask=1.020000 required_sum_ask<=0.990000 target_profit_pct=1.0000
2026-03-30T12:21:56Z,XRP5M_2026-03-30T12:25:00Z,skip_entry,blocked,blocked_target_profit_floor,yes,0.25,0.76,1.01,184,,,,,,,,,,0.0,0.0,rest_fallback,sum_ask=1.010000 required_sum_ask<=0.990000 target_profit_pct=1.0000
2026-03-30T12:21:56Z,DOGE5M_2026-03-30T12:25:00Z,skip_entry,blocked,blocked_target_profit_floor,no,0.58,0.49,1.07,184,,,,,,,,,,0.0,0.0,rest_fallback,sum_ask=1.070000 required_sum_ask<=0.990000 target_profit_pct=1.0000
2026-03-30T12:21:56Z,BNB5M_2026-03-30T12:25:00Z,skip_entry,blocked,blocked_target_profit_floor,yes,0.5,0.73,1.23,184,,,,,,,,,,0.0,0.0,rest_fallback,sum_ask=1.230000 required_sum_ask<=0.990000 target_profit_pct=1.0000
2026-03-30T12:21:57Z,HYPE5M_2026-03-30T12:25:00Z,skip_entry,blocked,blocked_target_profit_floor,yes,0.23,0.88,1.11,183,,,,,,,,,,0.0,0.0,rest_fallback,sum_ask=1.110000 required_sum_ask<=0.990000 target_profit_pct=1.0000
2026-03-30T12:22:11Z,BTC5M_2026-03-30T12:25:00Z,skip_entry,blocked,blocked_target_profit_floor,no,0.63,0.38,1.01,169,,,,,,,,,,0.0,0.0,rest_fallback,sum_ask=1.010000 required_sum_ask<=0.990000 target_profit_pct=1.0000
2026-03-30T12:22:11Z,ETH5M_2026-03-30T12:25:00Z,skip_entry,blocked,blocked_target_profit_floor,yes,0.34,0.67,1.01,169,,,,,,,,,,0.0,0.0,rest_fallback,sum_ask=1.010000 required_sum_ask<=0.990000 target_profit_pct=1.0000
2026-03-30T12:22:12Z,XRP5M_2026-03-30T12:25:00Z,skip_entry,blocked,blocked_target_profit_floor,yes,0.42,0.59,1.01,168,,,,,,,,,,0.0,0.0,rest_fallback,sum_ask=1.010000 required_sum_ask<=0.990000 target_profit_pct=1.0000
2026-03-30T12:22:12Z,DOGE5M_2026-03-30T12:25:00Z,skip_entry,blocked,blocked_target_profit_floor,no,0.66,0.49,1.15,168,,,,,,,,,,0.0,0.0,rest_fallback,sum_ask=1.150000 required_sum_ask<=0.990000 target_profit_pct=1.0000
2026-03-30T12:22:12Z,BNB5M_2026-03-30T12:25:00Z,skip_entry,blocked,blocked_target_profit_floor,yes,0.41,0.74,1.15,168,,,,,,,,,,0.0,0.0,rest_fallback,sum_ask=1.150000 required_sum_ask<=0.990000 target_profit_pct=1.0000
2026-03-30T12:22:13Z,HYPE5M_2026-03-30T12:25:00Z,skip_entry,blocked,blocked_target_profit_floor,yes,0.15,0.88,1.03,167,,,,,,,,,,0.0,0.0,rest_fallback,sum_ask=1.030000 required_sum_ask<=0.990000 target_profit_pct=1.0000
2026-03-30T12:22:27Z,BTC5M_2026-03-30T12:25:00Z,skip_entry,blocked,blocked_target_profit_floor,no,0.64,0.37,1.01,153,,,,,,,,,,0.0,0.0,rest_fallback,sum_ask=1.010000 required_sum_ask<=0.990000 target_profit_pct=1.0000
2026-03-30T12:22:27Z,ETH5M_2026-03-30T12:25:00Z,skip_entry,blocked,blocked_target_profit_floor,yes,0.34,0.67,1.01,153,,,,,,,,,,0.0,0.0,rest_fallback,sum_ask=1.010000 required_sum_ask<=0.990000 target_profit_pct=1.0000
2026-03-30T12:22:27Z,XRP5M_2026-03-30T12:25:00Z,skip_entry,blocked,blocked_target_profit_floor,yes,0.35,0.68,1.03,153,,,,,,,,,,0.0,0.0,rest_fallback,sum_ask=1.030000 required_sum_ask<=0.990000 target_profit_pct=1.0000
2026-03-30T12:22:28Z,DOGE5M_2026-03-30T12:25:00Z,skip_entry,blocked,blocked_target_profit_floor,no,0.74,0.41,1.15,152,,,,,,,,,,0.0,0.0,rest_fallback,sum_ask=1.150000 required_sum_ask<=0.990000 target_profit_pct=1.0000
2026-03-30T12:22:28Z,BNB5M_2026-03-30T12:25:00Z,skip_entry,blocked,blocked_target_profit_floor,yes,0.38,0.76,1.14,152,,,,,,,,,,0.0,0.0,rest_fallback,sum_ask=1.140000 required_sum_ask<=0.990000 target_profit_pct=1.0000
2026-03-30T12:22:28Z,HYPE5M_2026-03-30T12:25:00Z,skip_entry,blocked,blocked_target_profit_floor,yes,0.26,0.88,1.14,152,,,,,,,,,,0.0,0.0,rest_fallback,sum_ask=1.140000 required_sum_ask<=0.990000 target_profit_pct=1.0000
2026-03-30T12:22:43Z,BTC5M_2026-03-30T12:25:00Z,skip_entry,blocked,blocked_target_profit_floor,no,0.54,0.47,1.01,137,,,,,,,,,,0.0,0.0,rest_fallback,sum_ask=1.010000 required_sum_ask<=0.990000 target_profit_pct=1.0000
2026-03-30T12:22:43Z,ETH5M_2026-03-30T12:25:00Z,skip_entry,blocked,blocked_target_profit_floor,yes,0.17,0.84,1.01,137,,,,,,,,,,0.0,0.0,rest_fallback,sum_ask=1.010000 required_sum_ask<=0.990000 target_profit_pct=1.0000
2026-03-30T12:22:43Z,XRP5M_2026-03-30T12:25:00Z,skip_entry,blocked,blocked_target_profit_floor,yes,0.27,0.74,1.01,137,,,,,,,,,,0.0,0.0,rest_fallback,sum_ask=1.010000 required_sum_ask<=0.990000 target_profit_pct=1.0000
2026-03-30T12:22:44Z,DOGE5M_2026-03-30T12:25:00Z,skip_entry,blocked,blocked_target_profit_floor,no,0.61,0.51,1.12,136,,,,,,,,,,0.0,0.0,rest_fallback,sum_ask=1.120000 required_sum_ask<=0.990000 target_profit_pct=1.0000
2026-03-30T12:22:44Z,BNB5M_2026-03-30T12:25:00Z,skip_entry,blocked,blocked_target_profit_floor,yes,0.26,0.85,1.11,136,,,,,,,,,,0.0,0.0,rest_fallback,sum_ask=1.110000 required_sum_ask<=0.990000 target_profit_pct=1.0000
2026-03-30T12:22:44Z,HYPE5M_2026-03-30T12:25:00Z,skip_entry,blocked,blocked_target_profit_floor,yes,0.13,0.92,1.05,136,,,,,,,,,,0.0,0.0,rest_fallback,sum_ask=1.050000 required_sum_ask<=0.990000 target_profit_pct=1.0000
2026-03-30T12:22:58Z,BTC5M_2026-03-30T12:25:00Z,skip_entry,blocked,blocked_target_profit_floor,no,0.69,0.32,1.01,122,,,,,,,,,,0.0,0.0,rest_fallback,sum_ask=1.010000 required_sum_ask<=0.990000 target_profit_pct=1.0000
2026-03-30T12:22:59Z,ETH5M_2026-03-30T12:25:00Z,skip_entry,blocked,blocked_target_profit_floor,yes,0.24,0.77,1.01,121,,,,,,,,,,0.0,0.0,rest_fallback,sum_ask=1.010000 required_sum_ask<=0.990000 target_profit_pct=1.0000
2026-03-30T12:22:59Z,DOGE5M_2026-03-30T12:25:00Z,skip_entry,blocked,blocked_target_profit_floor,yes,0.3,0.78,1.08,121,,,,,,,,,,0.0,0.0,rest_fallback,sum_ask=1.080000 required_sum_ask<=0.990000 target_profit_pct=1.0000
2026-03-30T12:22:59Z,XRP5M_2026-03-30T12:25:00Z,skip_entry,blocked,blocked_target_profit_floor,yes,0.22,0.8,1.02,121,,,,,,,,,,0.0,0.0,rest_fallback,sum_ask=1.020000 required_sum_ask<=0.990000 target_profit_pct=1.0000
2026-03-30T12:23:00Z,BNB5M_2026-03-30T12:25:00Z,skip_entry,blocked,blocked_target_profit_floor,yes,0.25,0.85,1.1,120,,,,,,,,,,0.0,0.0,rest_fallback,sum_ask=1.100000 required_sum_ask<=0.990000 target_profit_pct=1.0000
2026-03-30T12:23:00Z,HYPE5M_2026-03-30T12:25:00Z,skip_entry,blocked,blocked_target_profit_floor,yes,0.2,0.9,1.1,120,,,,,,,,,,0.0,0.0,rest_fallback,sum_ask=1.100000 required_sum_ask<=0.990000 target_profit_pct=1.0000
2026-03-30T12:23:14Z,BTC5M_2026-03-30T12:25:00Z,skip_entry,blocked,blocked_target_profit_floor,no,0.92,0.09,1.01,106,,,,,,,,,,0.0,0.0,rest_fallback,sum_ask=1.010000 required_sum_ask<=0.990000 target_profit_pct=1.0000
2026-03-30T12:23:15Z,ETH5M_2026-03-30T12:25:00Z,skip_entry,blocked,blocked_target_profit_floor,yes,0.48,0.53,1.01,105,,,,,,,,,,0.0,0.0,rest_fallback,sum_ask=1.010000 required_sum_ask<=0.990000 target_profit_pct=1.0000
2026-03-30T12:23:15Z,DOGE5M_2026-03-30T12:25:00Z,skip_entry,blocked,blocked_target_profit_floor,yes,0.53,0.64,1.17,105,,,,,,,,,,0.0,0.0,rest_fallback,sum_ask=1.170000 required_sum_ask<=0.990000 target_profit_pct=1.0000
2026-03-30T12:23:15Z,BNB5M_2026-03-30T12:25:00Z,skip_entry,blocked,blocked_target_profit_floor,no,0.653,0.52,1.173,105,,,,,,,,,,0.0,0.0,rest_fallback,sum_ask=1.173000 required_sum_ask<=0.990000 target_profit_pct=1.0000
2026-03-30T12:23:16Z,XRP5M_2026-03-30T12:25:00Z,skip_entry,blocked,blocked_target_profit_floor,yes,0.5,0.51,1.01,104,,,,,,,,,,0.0,0.0,rest_fallback,sum_ask=1.010000 required_sum_ask<=0.990000 target_profit_pct=1.0000
2026-03-30T12:23:16Z,HYPE5M_2026-03-30T12:25:00Z,skip_entry,blocked,blocked_target_profit_floor,yes,0.19,0.88,1.07,104,,,,,,,,,,0.0,0.0,rest_fallback,sum_ask=1.070000 required_sum_ask<=0.990000 target_profit_pct=1.0000
2026-03-30T12:23:30Z,BTC5M_2026-03-30T12:25:00Z,skip_entry,blocked,blocked_target_profit_floor,no,0.84,0.17,1.01,90,,,,,,,,,,0.0,0.0,rest_fallback,sum_ask=1.010000 required_sum_ask<=0.990000 target_profit_pct=1.0000
2026-03-30T12:23:31Z,ETH5M_2026-03-30T12:25:00Z,skip_entry,blocked,blocked_target_profit_floor,yes,0.27,0.75,1.02,89,,,,,,,,,,0.0,0.0,rest_fallback,sum_ask=1.020000 required_sum_ask<=0.990000 target_profit_pct=1.0000
2026-03-30T12:23:31Z,DOGE5M_2026-03-30T12:25:00Z,skip_entry,blocked,blocked_target_profit_floor,yes,0.36,0.8065,1.1665,89,,,,,,,,,,0.0,0.0,rest_fallback,sum_ask=1.166500 required_sum_ask<=0.990000 target_profit_pct=1.0000
2026-03-30T12:23:31Z,BNB5M_2026-03-30T12:25:00Z,skip_entry,blocked,blocked_target_profit_floor,yes,0.56,0.64,1.2,89,,,,,,,,,,0.0,0.0,rest_fallback,sum_ask=1.200000 required_sum_ask<=0.990000 target_profit_pct=1.0000
2026-03-30T12:23:32Z,XRP5M_2026-03-30T12:25:00Z,skip_entry,blocked,blocked_target_profit_floor,yes,0.23,0.79,1.02,88,,,,,,,,,,0.0,0.0,rest_fallback,sum_ask=1.020000 required_sum_ask<=0.990000 target_profit_pct=1.0000
2026-03-30T12:23:32Z,HYPE5M_2026-03-30T12:25:00Z,skip_entry,blocked,blocked_target_profit_floor,yes,0.088,0.96,1.048,88,,,,,,,,,,0.0,0.0,rest_fallback,sum_ask=1.048000 required_sum_ask<=0.990000 target_profit_pct=1.0000
2026-03-30T12:23:46Z,BTC5M_2026-03-30T12:25:00Z,skip_entry,blocked,blocked_target_profit_floor,no,0.98,0.03,1.01,74,,,,,,,,,,0.0,0.0,rest_fallback,sum_ask=1.010000 required_sum_ask<=0.990000 target_profit_pct=1.0000
2026-03-30T12:23:46Z,ETH5M_2026-03-30T12:25:00Z,skip_entry,blocked,blocked_target_profit_floor,yes,0.51,0.51,1.02,74,,,,,,,,,,0.0,0.0,rest_fallback,sum_ask=1.020000 required_sum_ask<=0.990000 target_profit_pct=1.0000
2026-03-30T12:23:47Z,DOGE5M_2026-03-30T12:25:00Z,skip_entry,blocked,blocked_target_profit_floor,yes,0.54053333,0.64,1.18053333,73,,,,,,,,,,0.0,0.0,rest_fallback,sum_ask=1.180533 required_sum_ask<=0.990000 target_profit_pct=1.0000
2026-03-30T12:23:47Z,BNB5M_2026-03-30T12:25:00Z,skip_entry,blocked,blocked_target_profit_floor,no,0.56,0.48,1.04,73,,,,,,,,,,0.0,0.0,rest_fallback,sum_ask=1.040000 required_sum_ask<=0.990000 target_profit_pct=1.0000
2026-03-30T12:23:48Z,HYPE5M_2026-03-30T12:25:00Z,skip_entry,blocked,blocked_target_profit_floor,yes,0.10892,0.95,1.05892,72,,,,,,,,,,0.0,0.0,rest_fallback,sum_ask=1.058920 required_sum_ask<=0.990000 target_profit_pct=1.0000
2026-03-30T12:23:48Z,XRP5M_2026-03-30T12:25:00Z,skip_entry,blocked,blocked_target_profit_floor,yes,0.35,0.68,1.03,72,,,,,,,,,,0.0,0.0,rest_fallback,sum_ask=1.030000 required_sum_ask<=0.990000 target_profit_pct=1.0000
2026-03-30T12:24:02Z,BTC5M_2026-03-30T12:25:00Z,skip_entry,blocked,blocked_target_profit_floor,no,0.98,0.03,1.01,58,,,,,,,,,,0.0,0.0,rest_fallback,sum_ask=1.010000 required_sum_ask<=0.990000 target_profit_pct=1.0000
2026-03-30T12:24:02Z,ETH5M_2026-03-30T12:25:00Z,skip_entry,blocked,blocked_target_profit_floor,yes,0.43,0.58,1.01,58,,,,,,,,,,0.0,0.0,rest_fallback,sum_ask=1.010000 required_sum_ask<=0.990000 target_profit_pct=1.0000
2026-03-30T12:24:03Z,DOGE5M_2026-03-30T12:25:00Z,skip_entry,blocked,blocked_target_profit_floor,yes,0.32,0.8065,1.1265,57,,,,,,,,,,0.0,0.0,rest_fallback,sum_ask=1.126500 required_sum_ask<=0.990000 target_profit_pct=1.0000
2026-03-30T12:24:03Z,BNB5M_2026-03-30T12:25:00Z,skip_entry,blocked,blocked_target_profit_floor,yes,0.45,0.64,1.09,57,,,,,,,,,,0.0,0.0,rest_fallback,sum_ask=1.090000 required_sum_ask<=0.990000 target_profit_pct=1.0000
2026-03-30T12:24:03Z,HYPE5M_2026-03-30T12:25:00Z,skip_entry,blocked,blocked_target_profit_floor,yes,0.0585,0.98,1.0385,57,,,,,,,,,,0.0,0.0,rest_fallback,sum_ask=1.038500 required_sum_ask<=0.990000 target_profit_pct=1.0000
2026-03-30T12:24:04Z,XRP5M_2026-03-30T12:25:00Z,skip_entry,blocked,blocked_target_profit_floor,yes,0.1444,0.87,1.0144,56,,,,,,,,,,0.0,0.0,rest_fallback,sum_ask=1.014400 required_sum_ask<=0.990000 target_profit_pct=1.0000
2026-03-30T12:24:18Z,BTC5M_2026-03-30T12:25:00Z,skip_entry,blocked,blocked_target_profit_floor,no,0.95,0.07,1.02,42,,,,,,,,,,0.0,0.0,rest_fallback,sum_ask=1.020000 required_sum_ask<=0.990000 target_profit_pct=1.0000
2026-03-30T12:24:18Z,ETH5M_2026-03-30T12:25:00Z,skip_entry,blocked,blocked_target_profit_floor,yes,0.17,0.87,1.04,42,,,,,,,,,,0.0,0.0,rest_fallback,sum_ask=1.040000 required_sum_ask<=0.990000 target_profit_pct=1.0000
2026-03-30T12:24:18Z,DOGE5M_2026-03-30T12:25:00Z,skip_entry,blocked,blocked_target_profit_floor,yes,0.16,0.9,1.06,42,,,,,,,,,,0.0,0.0,rest_fallback,sum_ask=1.060000 required_sum_ask<=0.990000 target_profit_pct=1.0000
2026-03-30T12:24:19Z,BNB5M_2026-03-30T12:25:00Z,skip_entry,blocked,blocked_target_profit_floor,yes,0.36,0.8,1.16,41,,,,,,,,,,0.0,0.0,rest_fallback,sum_ask=1.160000 required_sum_ask<=0.990000 target_profit_pct=1.0000
2026-03-30T12:24:19Z,HYPE5M_2026-03-30T12:25:00Z,skip_entry,blocked,blocked_target_profit_floor,yes,0.051,0.99,1.041,41,,,,,,,,,,0.0,0.0,rest_fallback,sum_ask=1.041000 required_sum_ask<=0.990000 target_profit_pct=1.0000
2026-03-30T12:24:20Z,XRP5M_2026-03-30T12:25:00Z,skip_entry,blocked,blocked_target_profit_floor,yes,0.02,0.99,1.01,40,,,,,,,,,,0.0,0.0,rest_fallback,sum_ask=1.010000 required_sum_ask<=0.990000 target_profit_pct=1.0000
2026-03-30T12:24:34Z,BTC5M_2026-03-30T12:25:00Z,skip_entry,blocked,blocked_target_profit_floor,no,0.98,0.03,1.01,26,,,,,,,,,,0.0,0.0,rest_fallback,sum_ask=1.010000 required_sum_ask<=0.990000 target_profit_pct=1.0000
2026-03-30T12:24:34Z,ETH5M_2026-03-30T12:25:00Z,skip_entry,blocked,blocked_target_profit_floor,yes,0.0744,0.98,1.0544,26,,,,,,,,,,0.0,0.0,rest_fallback,sum_ask=1.054400 required_sum_ask<=0.990000 target_profit_pct=1.0000
2026-03-30T12:24:34Z,DOGE5M_2026-03-30T12:25:00Z,skip_entry,blocked,blocked_target_profit_floor,yes,0.1,0.98,1.08,26,,,,,,,,,,0.0,0.0,rest_fallback,sum_ask=1.080000 required_sum_ask<=0.990000 target_profit_pct=1.0000
2026-03-30T12:24:35Z,BNB5M_2026-03-30T12:25:00Z,skip_entry,blocked,blocked_target_profit_floor,yes,0.56,0.85,1.41,25,,,,,,,,,,0.0,0.0,rest_fallback,sum_ask=1.410000 required_sum_ask<=0.990000 target_profit_pct=1.0000
2026-03-30T12:25:04Z,BTC5M_2026-03-30T12:30:00Z,skip_entry,blocked,blocked_target_profit_floor,yes,0.29,0.72,1.01,296,,,,,,,,,,0.0,0.0,rest_fallback,sum_ask=1.010000 required_sum_ask<=0.990000 target_profit_pct=1.0000
2026-03-30T12:25:04Z,ETH5M_2026-03-30T12:30:00Z,skip_entry,blocked,blocked_target_profit_floor,yes,0.31,0.7,1.01,296,,,,,,,,,,0.0,0.0,rest_fallback,sum_ask=1.010000 required_sum_ask<=0.990000 target_profit_pct=1.0000
2026-03-30T12:25:04Z,XRP5M_2026-03-30T12:30:00Z,skip_entry,blocked,blocked_target_profit_floor,yes,0.44,0.57,1.01,296,,,,,,,,,,0.0,0.0,rest_fallback,sum_ask=1.010000 required_sum_ask<=0.990000 target_profit_pct=1.0000
2026-03-30T12:25:05Z,DOGE5M_2026-03-30T12:30:00Z,skip_entry,blocked,blocked_target_profit_floor,yes,0.47,0.8,1.27,295,,,,,,,,,,0.0,0.0,rest_fallback,sum_ask=1.270000 required_sum_ask<=0.990000 target_profit_pct=1.0000
2026-03-30T12:25:05Z,BNB5M_2026-03-30T12:30:00Z,skip_entry,blocked,blocked_target_profit_floor,yes,0.28,0.88,1.16,295,,,,,,,,,,0.0,0.0,rest_fallback,sum_ask=1.160000 required_sum_ask<=0.990000 target_profit_pct=1.0000
2026-03-30T12:25:05Z,HYPE5M_2026-03-30T12:30:00Z,skip_entry,blocked,blocked_target_profit_floor,yes,0.56,0.75,1.31,295,,,,,,,,,,0.0,0.0,rest_fallback,sum_ask=1.310000 required_sum_ask<=0.990000 target_profit_pct=1.0000
2026-03-30T12:25:20Z,BTC5M_2026-03-30T12:30:00Z,skip_entry,blocked,blocked_target_profit_floor,yes,0.33,0.68,1.01,280,,,,,,,,,,0.0,0.0,rest_fallback,sum_ask=1.010000 required_sum_ask<=0.990000 target_profit_pct=1.0000
2026-03-30T12:25:20Z,ETH5M_2026-03-30T12:30:00Z,skip_entry,blocked,blocked_target_profit_floor,yes,0.3,0.71,1.01,280,,,,,,,,,,0.0,0.0,rest_fallback,sum_ask=1.010000 required_sum_ask<=0.990000 target_profit_pct=1.0000
2026-03-30T12:25:20Z,XRP5M_2026-03-30T12:30:00Z,skip_entry,blocked,blocked_target_profit_floor,yes,0.39,0.62,1.01,280,,,,,,,,,,0.0,0.0,rest_fallback,sum_ask=1.010000 required_sum_ask<=0.990000 target_profit_pct=1.0000
2026-03-30T12:25:21Z,DOGE5M_2026-03-30T12:30:00Z,skip_entry,blocked,blocked_target_profit_floor,yes,0.39,0.8,1.19,279,,,,,,,,,,0.0,0.0,rest_fallback,sum_ask=1.190000 required_sum_ask<=0.990000 target_profit_pct=1.0000
2026-03-30T12:25:21Z,BNB5M_2026-03-30T12:30:00Z,skip_entry,blocked,blocked_target_profit_floor,yes,0.37,0.83,1.2,279,,,,,,,,,,0.0,0.0,rest_fallback,sum_ask=1.200000 required_sum_ask<=0.990000 target_profit_pct=1.0000
2026-03-30T12:25:21Z,HYPE5M_2026-03-30T12:30:00Z,skip_entry,blocked,blocked_target_profit_floor,yes,0.38,0.79,1.17,279,,,,,,,,,,0.0,0.0,rest_fallback,sum_ask=1.170000 required_sum_ask<=0.990000 target_profit_pct=1.0000
2026-03-30T12:25:36Z,BTC5M_2026-03-30T12:30:00Z,skip_entry,blocked,blocked_target_profit_floor,yes,0.16,0.87,1.03,264,,,,,,,,,,0.0,0.0,rest_fallback,sum_ask=1.030000 required_sum_ask<=0.990000 target_profit_pct=1.0000
2026-03-30T12:25:36Z,ETH5M_2026-03-30T12:30:00Z,skip_entry,blocked,blocked_target_profit_floor,yes,0.14,0.87,1.01,264,,,,,,,,,,0.0,0.0,rest_fallback,sum_ask=1.010000 required_sum_ask<=0.990000 target_profit_pct=1.0000
2026-03-30T12:25:36Z,XRP5M_2026-03-30T12:30:00Z,skip_entry,blocked,blocked_target_profit_floor,yes,0.28,0.73,1.01,264,,,,,,,,,,0.0,0.0,rest_fallback,sum_ask=1.010000 required_sum_ask<=0.990000 target_profit_pct=1.0000
2026-03-30T12:25:37Z,DOGE5M_2026-03-30T12:30:00Z,skip_entry,blocked,blocked_target_profit_floor,yes,0.35,0.8,1.15,263,,,,,,,,,,0.0,0.0,rest_fallback,sum_ask=1.150000 required_sum_ask<=0.990000 target_profit_pct=1.0000
2026-03-30T12:25:37Z,BNB5M_2026-03-30T12:30:00Z,skip_entry,blocked,blocked_target_profit_floor,yes,0.28,0.88,1.16,263,,,,,,,,,,0.0,0.0,rest_fallback,sum_ask=1.160000 required_sum_ask<=0.990000 target_profit_pct=1.0000
2026-03-30T12:25:37Z,HYPE5M_2026-03-30T12:30:00Z,skip_entry,blocked,blocked_target_profit_floor,yes,0.48,0.64,1.12,263,,,,,,,,,,0.0,0.0,rest_fallback,sum_ask=1.120000 required_sum_ask<=0.990000 target_profit_pct=1.0000
2026-03-30T12:25:51Z,BTC5M_2026-03-30T12:30:00Z,skip_entry,blocked,blocked_target_profit_floor,yes,0.17,0.84,1.01,249,,,,,,,,,,0.0,0.0,rest_fallback,sum_ask=1.010000 required_sum_ask<=0.990000 target_profit_pct=1.0000
2026-03-30T12:25:52Z,ETH5M_2026-03-30T12:30:00Z,skip_entry,blocked,blocked_target_profit_floor,yes,0.14,0.87,1.01,248,,,,,,,,,,0.0,0.0,rest_fallback,sum_ask=1.010000 required_sum_ask<=0.990000 target_profit_pct=1.0000
2026-03-30T12:25:52Z,XRP5M_2026-03-30T12:30:00Z,skip_entry,blocked,blocked_target_profit_floor,yes,0.31,0.71,1.02,248,,,,,,,,,,0.0,0.0,rest_fallback,sum_ask=1.020000 required_sum_ask<=0.990000 target_profit_pct=1.0000
2026-03-30T12:25:52Z,DOGE5M_2026-03-30T12:30:00Z,skip_entry,blocked,blocked_target_profit_floor,yes,0.35,0.79,1.14,248,,,,,,,,,,0.0,0.0,rest_fallback,sum_ask=1.140000 required_sum_ask<=0.990000 target_profit_pct=1.0000
2026-03-30T12:25:53Z,BNB5M_2026-03-30T12:30:00Z,skip_entry,blocked,blocked_target_profit_floor,yes,0.28,0.9,1.18,247,,,,,,,,,,0.0,0.0,rest_fallback,sum_ask=1.180000 required_sum_ask<=0.990000 target_profit_pct=1.0000
2026-03-30T12:25:53Z,HYPE5M_2026-03-30T12:30:00Z,skip_entry,blocked,blocked_target_profit_floor,yes,0.48,0.59,1.07,247,,,,,,,,,,0.0,0.0,rest_fallback,sum_ask=1.070000 required_sum_ask<=0.990000 target_profit_pct=1.0000
2026-03-30T12:26:07Z,BTC5M_2026-03-30T12:30:00Z,skip_entry,blocked,blocked_target_profit_floor,yes,0.22,0.81,1.03,233,,,,,,,,,,0.0,0.0,rest_fallback,sum_ask=1.030000 required_sum_ask<=0.990000 target_profit_pct=1.0000
2026-03-30T12:26:08Z,ETH5M_2026-03-30T12:30:00Z,skip_entry,blocked,blocked_target_profit_floor,yes,0.14,0.88,1.02,232,,,,,,,,,,0.0,0.0,rest_fallback,sum_ask=1.020000 required_sum_ask<=0.990000 target_profit_pct=1.0000
2026-03-30T12:26:08Z,XRP5M_2026-03-30T12:30:00Z,skip_entry,blocked,blocked_target_profit_floor,yes,0.25,0.78,1.03,232,,,,,,,,,,0.0,0.0,rest_fallback,sum_ask=1.030000 required_sum_ask<=0.990000 target_profit_pct=1.0000
2026-03-30T12:26:09Z,DOGE5M_2026-03-30T12:30:00Z,skip_entry,blocked,blocked_target_profit_floor,yes,0.27,0.81266667,1.08266667,231,,,,,,,,,,0.0,0.0,rest_fallback,sum_ask=1.082667 required_sum_ask<=0.990000 target_profit_pct=1.0000
2026-03-30T12:26:09Z,BNB5M_2026-03-30T12:30:00Z,skip_entry,blocked,blocked_target_profit_floor,yes,0.32,0.88,1.2,231,,,,,,,,,,0.0,0.0,rest_fallback,sum_ask=1.200000 required_sum_ask<=0.990000 target_profit_pct=1.0000
2026-03-30T12:26:09Z,HYPE5M_2026-03-30T12:30:00Z,skip_entry,blocked,blocked_target_profit_floor,yes,0.36,0.71,1.07,231,,,,,,,,,,0.0,0.0,rest_fallback,sum_ask=1.070000 required_sum_ask<=0.990000 target_profit_pct=1.0000
2026-03-30T12:26:23Z,BTC5M_2026-03-30T12:30:00Z,skip_entry,blocked,blocked_target_profit_floor,yes,0.37,0.64,1.01,217,,,,,,,,,,0.0,0.0,rest_fallback,sum_ask=1.010000 required_sum_ask<=0.990000 target_profit_pct=1.0000
2026-03-30T12:26:23Z,ETH5M_2026-03-30T12:30:00Z,skip_entry,blocked,blocked_target_profit_floor,yes,0.27,0.74,1.01,217,,,,,,,,,,0.0,0.0,rest_fallback,sum_ask=1.010000 required_sum_ask<=0.990000 target_profit_pct=1.0000
2026-03-30T12:26:24Z,XRP5M_2026-03-30T12:30:00Z,skip_entry,blocked,blocked_target_profit_floor,yes,0.3,0.71,1.01,216,,,,,,,,,,0.0,0.0,rest_fallback,sum_ask=1.010000 required_sum_ask<=0.990000 target_profit_pct=1.0000
2026-03-30T12:26:25Z,DOGE5M_2026-03-30T12:30:00Z,skip_entry,blocked,blocked_target_profit_floor,yes,0.35,0.73,1.08,215,,,,,,,,,,0.0,0.0,rest_fallback,sum_ask=1.080000 required_sum_ask<=0.990000 target_profit_pct=1.0000
2026-03-30T12:26:25Z,BNB5M_2026-03-30T12:30:00Z,skip_entry,blocked,blocked_target_profit_floor,yes,0.42,0.72,1.14,215,,,,,,,,,,0.0,0.0,rest_fallback,sum_ask=1.140000 required_sum_ask<=0.990000 target_profit_pct=1.0000
2026-03-30T12:26:25Z,HYPE5M_2026-03-30T12:30:00Z,skip_entry,blocked,blocked_target_profit_floor,yes,0.4,0.65,1.05,215,,,,,,,,,,0.0,0.0,rest_fallback,sum_ask=1.050000 required_sum_ask<=0.990000 target_profit_pct=1.0000
2026-03-30T12:26:39Z,BTC5M_2026-03-30T12:30:00Z,skip_entry,blocked,blocked_target_profit_floor,yes,0.37,0.64,1.01,201,,,,,,,,,,0.0,0.0,rest_fallback,sum_ask=1.010000 required_sum_ask<=0.990000 target_profit_pct=1.0000
2026-03-30T12:26:39Z,ETH5M_2026-03-30T12:30:00Z,skip_entry,blocked,blocked_target_profit_floor,yes,0.32,0.69,1.01,201,,,,,,,,,,0.0,0.0,rest_fallback,sum_ask=1.010000 required_sum_ask<=0.990000 target_profit_pct=1.0000
2026-03-30T12:26:40Z,XRP5M_2026-03-30T12:30:00Z,skip_entry,blocked,blocked_target_profit_floor,yes,0.38,0.63,1.01,200,,,,,,,,,,0.0,0.0,rest_fallback,sum_ask=1.010000 required_sum_ask<=0.990000 target_profit_pct=1.0000
2026-03-30T12:26:40Z,DOGE5M_2026-03-30T12:30:00Z,skip_entry,blocked,blocked_target_profit_floor,yes,0.35,0.77,1.12,200,,,,,,,,,,0.0,0.0,rest_fallback,sum_ask=1.120000 required_sum_ask<=0.990000 target_profit_pct=1.0000
2026-03-30T12:26:41Z,BNB5M_2026-03-30T12:30:00Z,skip_entry,blocked,blocked_target_profit_floor,yes,0.4,0.74,1.14,199,,,,,,,,,,0.0,0.0,rest_fallback,sum_ask=1.140000 required_sum_ask<=0.990000 target_profit_pct=1.0000
2026-03-30T12:26:41Z,HYPE5M_2026-03-30T12:30:00Z,skip_entry,blocked,blocked_target_profit_floor,yes,0.4,0.61,1.01,199,,,,,,,,,,0.0,0.0,rest_fallback,sum_ask=1.010000 required_sum_ask<=0.990000 target_profit_pct=1.0000
2026-03-30T12:26:55Z,BTC5M_2026-03-30T12:30:00Z,skip_entry,blocked,blocked_target_profit_floor,yes,0.32,0.69,1.01,185,,,,,,,,,,0.0,0.0,rest_fallback,sum_ask=1.010000 required_sum_ask<=0.990000 target_profit_pct=1.0000
2026-03-30T12:26:55Z,ETH5M_2026-03-30T12:30:00Z,skip_entry,blocked,blocked_target_profit_floor,yes,0.21,0.8,1.01,185,,,,,,,,,,0.0,0.0,rest_fallback,sum_ask=1.010000 required_sum_ask<=0.990000 target_profit_pct=1.0000
2026-03-30T12:26:55Z,XRP5M_2026-03-30T12:30:00Z,skip_entry,blocked,blocked_target_profit_floor,yes,0.37,0.66,1.03,185,,,,,,,,,,0.0,0.0,rest_fallback,sum_ask=1.030000 required_sum_ask<=0.990000 target_profit_pct=1.0000
2026-03-30T12:26:56Z,DOGE5M_2026-03-30T12:30:00Z,skip_entry,blocked,blocked_target_profit_floor,yes,0.42,0.73,1.15,184,,,,,,,,,,0.0,0.0,rest_fallback,sum_ask=1.150000 required_sum_ask<=0.990000 target_profit_pct=1.0000
2026-03-30T12:26:57Z,BNB5M_2026-03-30T12:30:00Z,skip_entry,blocked,blocked_target_profit_floor,yes,0.33,0.8,1.13,183,,,,,,,,,,0.0,0.0,rest_fallback,sum_ask=1.130000 required_sum_ask<=0.990000 target_profit_pct=1.0000
2026-03-30T12:26:57Z,HYPE5M_2026-03-30T12:30:00Z,skip_entry,blocked,blocked_target_profit_floor,yes,0.26,0.75,1.01,183,,,,,,,,,,0.0,0.0,rest_fallback,sum_ask=1.010000 required_sum_ask<=0.990000 target_profit_pct=1.0000
2026-03-30T12:27:11Z,BTC5M_2026-03-30T12:30:00Z,skip_entry,blocked,blocked_target_profit_floor,yes,0.4,0.61,1.01,169,,,,,,,,,,0.0,0.0,rest_fallback,sum_ask=1.010000 required_sum_ask<=0.990000 target_profit_pct=1.0000
2026-03-30T12:27:11Z,ETH5M_2026-03-30T12:30:00Z,skip_entry,blocked,blocked_target_profit_floor,yes,0.36,0.65,1.01,169,,,,,,,,,,0.0,0.0,rest_fallback,sum_ask=1.010000 required_sum_ask<=0.990000 target_profit_pct=1.0000
2026-03-30T12:27:11Z,XRP5M_2026-03-30T12:30:00Z,skip_entry,blocked,blocked_target_profit_floor,yes,0.4,0.62,1.02,169,,,,,,,,,,0.0,0.0,rest_fallback,sum_ask=1.020000 required_sum_ask<=0.990000 target_profit_pct=1.0000
2026-03-30T12:27:12Z,DOGE5M_2026-03-30T12:30:00Z,skip_entry,blocked,blocked_target_profit_floor,no,0.58,0.57,1.15,168,,,,,,,,,,0.0,0.0,rest_fallback,sum_ask=1.150000 required_sum_ask<=0.990000 target_profit_pct=1.0000
2026-03-30T12:27:13Z,BNB5M_2026-03-30T12:30:00Z,skip_entry,blocked,blocked_target_profit_floor,yes,0.46,0.65666667,1.11666667,167,,,,,,,,,,0.0,0.0,rest_fallback,sum_ask=1.116667 required_sum_ask<=0.990000 target_profit_pct=1.0000
2026-03-30T12:27:13Z,HYPE5M_2026-03-30T12:30:00Z,skip_entry,blocked,blocked_target_profit_floor,yes,0.26,0.8,1.06,167,,,,,,,,,,0.0,0.0,rest_fallback,sum_ask=1.060000 required_sum_ask<=0.990000 target_profit_pct=1.0000
2026-03-30T12:27:26Z,BTC5M_2026-03-30T12:30:00Z,skip_entry,blocked,blocked_target_profit_floor,yes,0.49,0.52,1.01,154,,,,,,,,,,0.0,0.0,rest_fallback,sum_ask=1.010000 required_sum_ask<=0.990000 target_profit_pct=1.0000
2026-03-30T12:27:27Z,ETH5M_2026-03-30T12:30:00Z,skip_entry,blocked,blocked_target_profit_floor,yes,0.39,0.62,1.01,153,,,,,,,,,,0.0,0.0,rest_fallback,sum_ask=1.010000 required_sum_ask<=0.990000 target_profit_pct=1.0000
2026-03-30T12:27:27Z,XRP5M_2026-03-30T12:30:00Z,skip_entry,blocked,blocked_target_profit_floor,yes,0.42,0.59,1.01,153,,,,,,,,,,0.0,0.0,rest_fallback,sum_ask=1.010000 required_sum_ask<=0.990000 target_profit_pct=1.0000
2026-03-30T12:27:28Z,DOGE5M_2026-03-30T12:30:00Z,skip_entry,blocked,blocked_target_profit_floor,no,0.58,0.53,1.11,152,,,,,,,,,,0.0,0.0,rest_fallback,sum_ask=1.110000 required_sum_ask<=0.990000 target_profit_pct=1.0000
2026-03-30T12:27:28Z,BNB5M_2026-03-30T12:30:00Z,skip_entry,blocked,blocked_target_profit_floor,yes,0.46,0.67,1.13,152,,,,,,,,,,0.0,0.0,rest_fallback,sum_ask=1.130000 required_sum_ask<=0.990000 target_profit_pct=1.0000
2026-03-30T12:27:29Z,HYPE5M_2026-03-30T12:30:00Z,skip_entry,blocked,blocked_target_profit_floor,yes,0.26,0.75,1.01,151,,,,,,,,,,0.0,0.0,rest_fallback,sum_ask=1.010000 required_sum_ask<=0.990000 target_profit_pct=1.0000
2026-03-30T12:27:42Z,BTC5M_2026-03-30T12:30:00Z,skip_entry,blocked,blocked_target_profit_floor,yes,0.44,0.57,1.01,138,,,,,,,,,,0.0,0.0,rest_fallback,sum_ask=1.010000 required_sum_ask<=0.990000 target_profit_pct=1.0000
2026-03-30T12:27:43Z,ETH5M_2026-03-30T12:30:00Z,skip_entry,blocked,blocked_target_profit_floor,yes,0.29,0.72,1.01,137,,,,,,,,,,0.0,0.0,rest_fallback,sum_ask=1.010000 required_sum_ask<=0.990000 target_profit_pct=1.0000
2026-03-30T12:27:43Z,XRP5M_2026-03-30T12:30:00Z,skip_entry,blocked,blocked_target_profit_floor,yes,0.26,0.76,1.02,137,,,,,,,,,,0.0,0.0,rest_fallback,sum_ask=1.020000 required_sum_ask<=0.990000 target_profit_pct=1.0000
2026-03-30T12:27:43Z,DOGE5M_2026-03-30T12:30:00Z,skip_entry,blocked,blocked_target_profit_floor,no,0.53,0.52,1.05,137,,,,,,,,,,0.0,0.0,rest_fallback,sum_ask=1.050000 required_sum_ask<=0.990000 target_profit_pct=1.0000
2026-03-30T12:27:44Z,BNB5M_2026-03-30T12:30:00Z,skip_entry,blocked,blocked_target_profit_floor,yes,0.46,0.69,1.15,136,,,,,,,,,,0.0,0.0,rest_fallback,sum_ask=1.150000 required_sum_ask<=0.990000 target_profit_pct=1.0000
2026-03-30T12:27:44Z,HYPE5M_2026-03-30T12:30:00Z,skip_entry,blocked,blocked_target_profit_floor,yes,0.24,0.85,1.09,136,,,,,,,,,,0.0,0.0,rest_fallback,sum_ask=1.090000 required_sum_ask<=0.990000 target_profit_pct=1.0000
2026-03-30T12:27:58Z,BTC5M_2026-03-30T12:30:00Z,skip_entry,blocked,blocked_target_profit_floor,yes,0.41,0.6,1.01,122,,,,,,,,,,0.0,0.0,rest_fallback,sum_ask=1.010000 required_sum_ask<=0.990000 target_profit_pct=1.0000
2026-03-30T12:27:59Z,ETH5M_2026-03-30T12:30:00Z,skip_entry,blocked,blocked_target_profit_floor,yes,0.29,0.72,1.01,121,,,,,,,,,,0.0,0.0,rest_fallback,sum_ask=1.010000 required_sum_ask<=0.990000 target_profit_pct=1.0000
2026-03-30T12:27:59Z,XRP5M_2026-03-30T12:30:00Z,skip_entry,blocked,blocked_target_profit_floor,yes,0.24,0.78,1.02,121,,,,,,,,,,0.0,0.0,rest_fallback,sum_ask=1.020000 required_sum_ask<=0.990000 target_profit_pct=1.0000
2026-03-30T12:27:59Z,DOGE5M_2026-03-30T12:30:00Z,skip_entry,blocked,blocked_target_profit_floor,yes,0.47,0.63,1.1,121,,,,,,,,,,0.0,0.0,rest_fallback,sum_ask=1.100000 required_sum_ask<=0.990000 target_profit_pct=1.0000
2026-03-30T12:28:00Z,BNB5M_2026-03-30T12:30:00Z,skip_entry,blocked,blocked_target_profit_floor,yes,0.46,0.69666667,1.15666667,120,,,,,,,,,,0.0,0.0,rest_fallback,sum_ask=1.156667 required_sum_ask<=0.990000 target_profit_pct=1.0000
2026-03-30T12:28:00Z,HYPE5M_2026-03-30T12:30:00Z,skip_entry,blocked,blocked_target_profit_floor,yes,0.24,0.83,1.07,120,,,,,,,,,,0.0,0.0,rest_fallback,sum_ask=1.070000 required_sum_ask<=0.990000 target_profit_pct=1.0000
2026-03-30T12:28:14Z,BTC5M_2026-03-30T12:30:00Z,skip_entry,blocked,blocked_target_profit_floor,yes,0.37,0.66,1.03,106,,,,,,,,,,0.0,0.0,rest_fallback,sum_ask=1.030000 required_sum_ask<=0.990000 target_profit_pct=1.0000
2026-03-30T12:28:14Z,BNB5M_2026-03-30T12:30:00Z,skip_entry,blocked,blocked_target_profit_floor,yes,0.46,0.69666667,1.15666667,106,,,,,,,,,,0.0,0.0,rest_fallback,sum_ask=1.156667 required_sum_ask<=0.990000 target_profit_pct=1.0000
2026-03-30T12:28:15Z,ETH5M_2026-03-30T12:30:00Z,skip_entry,blocked,blocked_target_profit_floor,yes,0.27,0.74,1.01,105,,,,,,,,,,0.0,0.0,rest_fallback,sum_ask=1.010000 required_sum_ask<=0.990000 target_profit_pct=1.0000
2026-03-30T12:28:15Z,XRP5M_2026-03-30T12:30:00Z,skip_entry,blocked,blocked_target_profit_floor,yes,0.3,0.72,1.02,105,,,,,,,,,,0.0,0.0,rest_fallback,sum_ask=1.020000 required_sum_ask<=0.990000 target_profit_pct=1.0000
2026-03-30T12:28:16Z,DOGE5M_2026-03-30T12:30:00Z,skip_entry,blocked,blocked_target_profit_floor,yes,0.46,0.64333333,1.10333333,104,,,,,,,,,,0.0,0.0,rest_fallback,sum_ask=1.103333 required_sum_ask<=0.990000 target_profit_pct=1.0000
2026-03-30T12:28:16Z,HYPE5M_2026-03-30T12:30:00Z,skip_entry,blocked,blocked_target_profit_floor,yes,0.1405,0.9,1.0405,104,,,,,,,,,,0.0,0.0,rest_fallback,sum_ask=1.040500 required_sum_ask<=0.990000 target_profit_pct=1.0000
2026-03-30T12:28:30Z,BTC5M_2026-03-30T12:30:00Z,skip_entry,blocked,blocked_target_profit_floor,yes,0.12,0.89,1.01,90,,,,,,,,,,0.0,0.0,rest_fallback,sum_ask=1.010000 required_sum_ask<=0.990000 target_profit_pct=1.0000
2026-03-30T12:28:30Z,BNB5M_2026-03-30T12:30:00Z,skip_entry,blocked,blocked_target_profit_floor,yes,0.2,0.93,1.13,90,,,,,,,,,,0.0,0.0,rest_fallback,sum_ask=1.130000 required_sum_ask<=0.990000 target_profit_pct=1.0000
2026-03-30T12:28:31Z,ETH5M_2026-03-30T12:30:00Z,skip_entry,blocked,blocked_target_profit_floor,yes,0.1,0.91,1.01,89,,,,,,,,,,0.0,0.0,rest_fallback,sum_ask=1.010000 required_sum_ask<=0.990000 target_profit_pct=1.0000
2026-03-30T12:28:32Z,XRP5M_2026-03-30T12:30:00Z,skip_entry,blocked,blocked_target_profit_floor,yes,0.12,0.9,1.02,88,,,,,,,,,,0.0,0.0,rest_fallback,sum_ask=1.020000 required_sum_ask<=0.990000 target_profit_pct=1.0000
2026-03-30T12:28:32Z,DOGE5M_2026-03-30T12:30:00Z,skip_entry,blocked,blocked_target_profit_floor,yes,0.23,0.88,1.11,88,,,,,,,,,,0.0,0.0,rest_fallback,sum_ask=1.110000 required_sum_ask<=0.990000 target_profit_pct=1.0000
2026-03-30T12:28:32Z,HYPE5M_2026-03-30T12:30:00Z,skip_entry,blocked,blocked_target_profit_floor,yes,0.09,0.92,1.01,88,,,,,,,,,,0.0,0.0,rest_fallback,sum_ask=1.010000 required_sum_ask<=0.990000 target_profit_pct=1.0000
2026-03-30T12:28:46Z,BTC5M_2026-03-30T12:30:00Z,skip_entry,blocked,blocked_target_profit_floor,yes,0.08,0.93,1.01,74,,,,,,,,,,0.0,0.0,rest_fallback,sum_ask=1.010000 required_sum_ask<=0.990000 target_profit_pct=1.0000
2026-03-30T12:28:46Z,BNB5M_2026-03-30T12:30:00Z,skip_entry,blocked,blocked_target_profit_floor,yes,0.08,0.95,1.03,74,,,,,,,,,,0.0,0.0,rest_fallback,sum_ask=1.030000 required_sum_ask<=0.990000 target_profit_pct=1.0000
2026-03-30T12:28:47Z,ETH5M_2026-03-30T12:30:00Z,skip_entry,blocked,blocked_target_profit_floor,yes,0.0765,0.95,1.0265,73,,,,,,,,,,0.0,0.0,rest_fallback,sum_ask=1.026500 required_sum_ask<=0.990000 target_profit_pct=1.0000
2026-03-30T12:28:48Z,XRP5M_2026-03-30T12:30:00Z,skip_entry,blocked,blocked_target_profit_floor,yes,0.08,0.94,1.02,72,,,,,,,,,,0.0,0.0,rest_fallback,sum_ask=1.020000 required_sum_ask<=0.990000 target_profit_pct=1.0000
2026-03-30T12:28:48Z,DOGE5M_2026-03-30T12:30:00Z,skip_entry,blocked,blocked_target_profit_floor,yes,0.15,0.9,1.05,72,,,,,,,,,,0.0,0.0,rest_fallback,sum_ask=1.050000 required_sum_ask<=0.990000 target_profit_pct=1.0000
2026-03-30T12:28:49Z,HYPE5M_2026-03-30T12:30:00Z,skip_entry,blocked,blocked_target_profit_floor,yes,0.051,0.99,1.041,71,,,,,,,,,,0.0,0.0,rest_fallback,sum_ask=1.041000 required_sum_ask<=0.990000 target_profit_pct=1.0000
2026-03-30T12:29:02Z,BTC5M_2026-03-30T12:30:00Z,skip_entry,blocked,blocked_target_profit_floor,yes,0.07,0.94,1.01,58,,,,,,,,,,0.0,0.0,rest_fallback,sum_ask=1.010000 required_sum_ask<=0.990000 target_profit_pct=1.0000
2026-03-30T12:29:02Z,BNB5M_2026-03-30T12:30:00Z,skip_entry,blocked,blocked_target_profit_floor,yes,0.08,0.96,1.04,58,,,,,,,,,,0.0,0.0,rest_fallback,sum_ask=1.040000 required_sum_ask<=0.990000 target_profit_pct=1.0000
2026-03-30T12:29:03Z,ETH5M_2026-03-30T12:30:00Z,skip_entry,blocked,blocked_target_profit_floor,yes,0.044,0.97,1.014,57,,,,,,,,,,0.0,0.0,rest_fallback,sum_ask=1.014000 required_sum_ask<=0.990000 target_profit_pct=1.0000
2026-03-30T12:29:03Z,XRP5M_2026-03-30T12:30:00Z,skip_entry,blocked,blocked_target_profit_floor,yes,0.0301,0.98,1.0101,57,,,,,,,,,,0.0,0.0,rest_fallback,sum_ask=1.010100 required_sum_ask<=0.990000 target_profit_pct=1.0000
2026-03-30T12:29:04Z,DOGE5M_2026-03-30T12:30:00Z,skip_entry,blocked,blocked_target_profit_floor,yes,0.13,0.9,1.03,56,,,,,,,,,,0.0,0.0,rest_fallback,sum_ask=1.030000 required_sum_ask<=0.990000 target_profit_pct=1.0000
2026-03-30T12:29:05Z,HYPE5M_2026-03-30T12:30:00Z,skip_entry,blocked,blocked_target_profit_floor,yes,0.0498,0.99,1.0398,55,,,,,,,,,,0.0,0.0,rest_fallback,sum_ask=1.039800 required_sum_ask<=0.990000 target_profit_pct=1.0000
2026-03-30T12:29:18Z,BTC5M_2026-03-30T12:30:00Z,skip_entry,blocked,blocked_target_profit_floor,yes,0.05,0.96,1.01,42,,,,,,,,,,0.0,0.0,rest_fallback,sum_ask=1.010000 required_sum_ask<=0.990000 target_profit_pct=1.0000
2026-03-30T12:29:18Z,BNB5M_2026-03-30T12:30:00Z,skip_entry,blocked,blocked_target_profit_floor,yes,0.07,0.9612,1.0312,42,,,,,,,,,,0.0,0.0,rest_fallback,sum_ask=1.031200 required_sum_ask<=0.990000 target_profit_pct=1.0000
2026-03-30T12:29:19Z,ETH5M_2026-03-30T12:30:00Z,skip_entry,blocked,blocked_target_profit_floor,yes,0.03,0.98,1.01,41,,,,,,,,,,0.0,0.0,rest_fallback,sum_ask=1.010000 required_sum_ask<=0.990000 target_profit_pct=1.0000
2026-03-30T12:29:19Z,XRP5M_2026-03-30T12:30:00Z,skip_entry,blocked,blocked_target_profit_floor,yes,0.03,0.98,1.01,41,,,,,,,,,,0.0,0.0,rest_fallback,sum_ask=1.010000 required_sum_ask<=0.990000 target_profit_pct=1.0000
2026-03-30T12:29:20Z,DOGE5M_2026-03-30T12:30:00Z,skip_entry,blocked,blocked_target_profit_floor,yes,0.11776,0.95,1.06776,40,,,,,,,,,,0.0,0.0,rest_fallback,sum_ask=1.067760 required_sum_ask<=0.990000 target_profit_pct=1.0000
2026-03-30T12:29:34Z,BTC5M_2026-03-30T12:30:00Z,skip_entry,blocked,blocked_target_profit_floor,yes,0.02,0.99,1.01,26,,,,,,,,,,0.0,0.0,rest_fallback,sum_ask=1.010000 required_sum_ask<=0.990000 target_profit_pct=1.0000
2026-03-30T12:29:34Z,BNB5M_2026-03-30T12:30:00Z,skip_entry,blocked,blocked_target_profit_floor,yes,0.0632,0.99,1.0532,26,,,,,,,,,,0.0,0.0,rest_fallback,sum_ask=1.053200 required_sum_ask<=0.990000 target_profit_pct=1.0000
2026-03-30T12:29:35Z,XRP5M_2026-03-30T12:30:00Z,skip_entry,blocked,blocked_target_profit_floor,yes,0.03,0.99,1.02,25,,,,,,,,,,0.0,0.0,rest_fallback,sum_ask=1.020000 required_sum_ask<=0.990000 target_profit_pct=1.0000
2026-03-30T12:29:36Z,DOGE5M_2026-03-30T12:30:00Z,skip_entry,blocked,blocked_target_profit_floor,yes,0.11776,0.9602,1.07796,24,,,,,,,,,,0.0,0.0,rest_fallback,sum_ask=1.077960 required_sum_ask<=0.990000 target_profit_pct=1.0000
2026-03-30T12:30:04Z,BTC5M_2026-03-30T12:35:00Z,skip_entry,blocked,blocked_target_profit_floor,yes,0.47,0.54,1.01,296,,,,,,,,,,0.0,0.0,rest_fallback,sum_ask=1.010000 required_sum_ask<=0.990000 target_profit_pct=1.0000
2026-03-30T12:30:04Z,ETH5M_2026-03-30T12:35:00Z,skip_entry,blocked,blocked_target_profit_floor,no,0.53,0.48,1.01,296,,,,,,,,,,0.0,0.0,rest_fallback,sum_ask=1.010000 required_sum_ask<=0.990000 target_profit_pct=1.0000
2026-03-30T12:30:05Z,XRP5M_2026-03-30T12:35:00Z,skip_entry,blocked,blocked_target_profit_floor,yes,0.49,0.52,1.01,295,,,,,,,,,,0.0,0.0,rest_fallback,sum_ask=1.010000 required_sum_ask<=0.990000 target_profit_pct=1.0000
2026-03-30T12:30:05Z,DOGE5M_2026-03-30T12:35:00Z,skip_entry,blocked,blocked_target_profit_floor,yes,0.58,0.58,1.16,295,,,,,,,,,,0.0,0.0,rest_fallback,sum_ask=1.160000 required_sum_ask<=0.990000 target_profit_pct=1.0000
2026-03-30T12:30:05Z,BNB5M_2026-03-30T12:35:00Z,skip_entry,blocked,blocked_target_profit_floor,yes,0.5,0.64,1.14,295,,,,,,,,,,0.0,0.0,rest_fallback,sum_ask=1.140000 required_sum_ask<=0.990000 target_profit_pct=1.0000
2026-03-30T12:30:06Z,HYPE5M_2026-03-30T12:35:00Z,skip_entry,blocked,blocked_target_profit_floor,no,0.75,0.56,1.31,294,,,,,,,,,,0.0,0.0,rest_fallback,sum_ask=1.310000 required_sum_ask<=0.990000 target_profit_pct=1.0000
2026-03-30T12:30:20Z,BTC5M_2026-03-30T12:35:00Z,skip_entry,blocked,blocked_target_profit_floor,yes,0.46,0.55,1.01,280,,,,,,,,,,0.0,0.0,rest_fallback,sum_ask=1.010000 required_sum_ask<=0.990000 target_profit_pct=1.0000
2026-03-30T12:30:20Z,ETH5M_2026-03-30T12:35:00Z,skip_entry,blocked,blocked_target_profit_floor,no,0.61333333,0.4,1.01333333,280,,,,,,,,,,0.0,0.0,rest_fallback,sum_ask=1.013333 required_sum_ask<=0.990000 target_profit_pct=1.0000
2026-03-30T12:30:21Z,XRP5M_2026-03-30T12:35:00Z,skip_entry,blocked,blocked_target_profit_floor,no,0.58,0.45,1.03,279,,,,,,,,,,0.0,0.0,rest_fallback,sum_ask=1.030000 required_sum_ask<=0.990000 target_profit_pct=1.0000
2026-03-30T12:30:21Z,DOGE5M_2026-03-30T12:35:00Z,skip_entry,blocked,blocked_target_profit_floor,no,0.58,0.52,1.1,279,,,,,,,,,,0.0,0.0,rest_fallback,sum_ask=1.100000 required_sum_ask<=0.990000 target_profit_pct=1.0000
2026-03-30T12:30:21Z,BNB5M_2026-03-30T12:35:00Z,skip_entry,blocked,blocked_target_profit_floor,no,0.8,0.52,1.32,279,,,,,,,,,,0.0,0.0,rest_fallback,sum_ask=1.320000 required_sum_ask<=0.990000 target_profit_pct=1.0000
2026-03-30T12:30:22Z,HYPE5M_2026-03-30T12:35:00Z,skip_entry,blocked,blocked_target_profit_floor,no,0.79,0.52,1.31,278,,,,,,,,,,0.0,0.0,rest_fallback,sum_ask=1.310000 required_sum_ask<=0.990000 target_profit_pct=1.0000
2026-03-30T12:30:36Z,BTC5M_2026-03-30T12:35:00Z,skip_entry,blocked,blocked_target_profit_floor,no,0.75,0.26,1.01,264,,,,,,,,,,0.0,0.0,rest_fallback,sum_ask=1.010000 required_sum_ask<=0.990000 target_profit_pct=1.0000
2026-03-30T12:30:36Z,ETH5M_2026-03-30T12:35:00Z,skip_entry,blocked,blocked_target_profit_floor,no,0.82,0.2,1.02,264,,,,,,,,,,0.0,0.0,rest_fallback,sum_ask=1.020000 required_sum_ask<=0.990000 target_profit_pct=1.0000
2026-03-30T12:30:36Z,XRP5M_2026-03-30T12:35:00Z,skip_entry,blocked,blocked_target_profit_floor,no,0.79,0.24,1.03,264,,,,,,,,,,0.0,0.0,rest_fallback,sum_ask=1.030000 required_sum_ask<=0.990000 target_profit_pct=1.0000
2026-03-30T12:30:37Z,DOGE5M_2026-03-30T12:35:00Z,skip_entry,blocked,blocked_target_profit_floor,no,0.8,0.24,1.04,263,,,,,,,,,,0.0,0.0,rest_fallback,sum_ask=1.040000 required_sum_ask<=0.990000 target_profit_pct=1.0000
2026-03-30T12:30:37Z,BNB5M_2026-03-30T12:35:00Z,skip_entry,blocked,blocked_target_profit_floor,no,0.78,0.36,1.14,263,,,,,,,,,,0.0,0.0,rest_fallback,sum_ask=1.140000 required_sum_ask<=0.990000 target_profit_pct=1.0000
2026-03-30T12:30:37Z,HYPE5M_2026-03-30T12:35:00Z,skip_entry,blocked,blocked_target_profit_floor,no,0.8128,0.26,1.0728,263,,,,,,,,,,0.0,0.0,rest_fallback,sum_ask=1.072800 required_sum_ask<=0.990000 target_profit_pct=1.0000
2026-03-30T12:30:52Z,BTC5M_2026-03-30T12:35:00Z,skip_entry,blocked,blocked_target_profit_floor,no,0.76,0.25,1.01,248,,,,,,,,,,0.0,0.0,rest_fallback,sum_ask=1.010000 required_sum_ask<=0.990000 target_profit_pct=1.0000
2026-03-30T12:30:52Z,ETH5M_2026-03-30T12:35:00Z,skip_entry,blocked,blocked_target_profit_floor,no,0.76,0.25,1.01,248,,,,,,,,,,0.0,0.0,rest_fallback,sum_ask=1.010000 required_sum_ask<=0.990000 target_profit_pct=1.0000
2026-03-30T12:30:52Z,XRP5M_2026-03-30T12:35:00Z,skip_entry,blocked,blocked_target_profit_floor,no,0.76,0.25,1.01,248,,,,,,,,,,0.0,0.0,rest_fallback,sum_ask=1.010000 required_sum_ask<=0.990000 target_profit_pct=1.0000
2026-03-30T12:30:53Z,DOGE5M_2026-03-30T12:35:00Z,skip_entry,blocked,blocked_target_profit_floor,no,0.77,0.35,1.12,247,,,,,,,,,,0.0,0.0,rest_fallback,sum_ask=1.120000 required_sum_ask<=0.990000 target_profit_pct=1.0000
2026-03-30T12:30:53Z,BNB5M_2026-03-30T12:35:00Z,skip_entry,blocked,blocked_target_profit_floor,no,0.76,0.35,1.11,247,,,,,,,,,,0.0,0.0,rest_fallback,sum_ask=1.110000 required_sum_ask<=0.990000 target_profit_pct=1.0000
2026-03-30T12:30:53Z,HYPE5M_2026-03-30T12:35:00Z,skip_entry,blocked,blocked_target_profit_floor,no,0.66,0.54,1.2,247,,,,,,,,,,0.0,0.0,rest_fallback,sum_ask=1.200000 required_sum_ask<=0.990000 target_profit_pct=1.0000
2026-03-30T12:31:07Z,BTC5M_2026-03-30T12:35:00Z,skip_entry,blocked,blocked_target_profit_floor,no,0.86,0.15,1.01,233,,,,,,,,,,0.0,0.0,rest_fallback,sum_ask=1.010000 required_sum_ask<=0.990000 target_profit_pct=1.0000
2026-03-30T12:31:08Z,ETH5M_2026-03-30T12:35:00Z,skip_entry,blocked,blocked_target_profit_floor,no,0.86,0.16,1.02,232,,,,,,,,,,0.0,0.0,rest_fallback,sum_ask=1.020000 required_sum_ask<=0.990000 target_profit_pct=1.0000
2026-03-30T12:31:08Z,XRP5M_2026-03-30T12:35:00Z,skip_entry,blocked,blocked_target_profit_floor,no,0.87,0.151225,1.021225,232,,,,,,,,,,0.0,0.0,rest_fallback,sum_ask=1.021225 required_sum_ask<=0.990000 target_profit_pct=1.0000
2026-03-30T12:31:08Z,DOGE5M_2026-03-30T12:35:00Z,skip_entry,blocked,blocked_target_profit_floor,no,0.77,0.35,1.12,232,,,,,,,,,,0.0,0.0,rest_fallback,sum_ask=1.120000 required_sum_ask<=0.990000 target_profit_pct=1.0000
2026-03-30T12:31:09Z,BNB5M_2026-03-30T12:35:00Z,skip_entry,blocked,blocked_target_profit_floor,no,0.82,0.29,1.11,231,,,,,,,,,,0.0,0.0,rest_fallback,sum_ask=1.110000 required_sum_ask<=0.990000 target_profit_pct=1.0000
2026-03-30T12:31:09Z,HYPE5M_2026-03-30T12:35:00Z,skip_entry,blocked,blocked_target_profit_floor,no,0.76,0.33,1.09,231,,,,,,,,,,0.0,0.0,rest_fallback,sum_ask=1.090000 required_sum_ask<=0.990000 target_profit_pct=1.0000
2026-03-30T12:31:23Z,XRP5M_2026-03-30T12:35:00Z,skip_entry,blocked,blocked_target_profit_floor,no,0.89,0.16,1.05,217,,,,,,,,,,0.0,0.0,rest_fallback,sum_ask=1.050000 required_sum_ask<=0.990000 target_profit_pct=1.0000
2026-03-30T12:31:24Z,BTC5M_2026-03-30T12:35:00Z,skip_entry,blocked,blocked_target_profit_floor,no,0.86,0.15,1.01,216,,,,,,,,,,0.0,0.0,rest_fallback,sum_ask=1.010000 required_sum_ask<=0.990000 target_profit_pct=1.0000
2026-03-30T12:31:24Z,ETH5M_2026-03-30T12:35:00Z,skip_entry,blocked,blocked_target_profit_floor,no,0.87,0.14,1.01,216,,,,,,,,,,0.0,0.0,rest_fallback,sum_ask=1.010000 required_sum_ask<=0.990000 target_profit_pct=1.0000
2026-03-30T12:31:24Z,DOGE5M_2026-03-30T12:35:00Z,skip_entry,blocked,blocked_target_profit_floor,no,0.8,0.28,1.08,216,,,,,,,,,,0.0,0.0,rest_fallback,sum_ask=1.080000 required_sum_ask<=0.990000 target_profit_pct=1.0000
2026-03-30T12:31:26Z,BNB5M_2026-03-30T12:35:00Z,skip_entry,blocked,blocked_target_profit_floor,no,0.87,0.22,1.09,214,,,,,,,,,,0.0,0.0,rest_fallback,sum_ask=1.090000 required_sum_ask<=0.990000 target_profit_pct=1.0000
2026-03-30T12:31:26Z,HYPE5M_2026-03-30T12:35:00Z,skip_entry,blocked,blocked_target_profit_floor,no,0.78,0.32,1.1,214,,,,,,,,,,0.0,0.0,rest_fallback,sum_ask=1.100000 required_sum_ask<=0.990000 target_profit_pct=1.0000
2026-03-30T12:31:39Z,XRP5M_2026-03-30T12:35:00Z,skip_entry,blocked,blocked_target_profit_floor,no,0.94,0.0744,1.0144,201,,,,,,,,,,0.0,0.0,rest_fallback,sum_ask=1.014400 required_sum_ask<=0.990000 target_profit_pct=1.0000
2026-03-30T12:31:40Z,BTC5M_2026-03-30T12:35:00Z,skip_entry,blocked,blocked_target_profit_floor,no,0.93,0.08,1.01,200,,,,,,,,,,0.0,0.0,rest_fallback,sum_ask=1.010000 required_sum_ask<=0.990000 target_profit_pct=1.0000
2026-03-30T12:31:40Z,ETH5M_2026-03-30T12:35:00Z,skip_entry,blocked,blocked_target_profit_floor,no,0.9,0.11,1.01,200,,,,,,,,,,0.0,0.0,rest_fallback,sum_ask=1.010000 required_sum_ask<=0.990000 target_profit_pct=1.0000
2026-03-30T12:31:40Z,DOGE5M_2026-03-30T12:35:00Z,skip_entry,blocked,blocked_target_profit_floor,no,0.815,0.21,1.025,200,,,,,,,,,,0.0,0.0,rest_fallback,sum_ask=1.025000 required_sum_ask<=0.990000 target_profit_pct=1.0000
2026-03-30T12:31:41Z,BNB5M_2026-03-30T12:35:00Z,skip_entry,blocked,blocked_target_profit_floor,no,0.88,0.21,1.09,199,,,,,,,,,,0.0,0.0,rest_fallback,sum_ask=1.090000 required_sum_ask<=0.990000 target_profit_pct=1.0000
2026-03-30T12:31:42Z,HYPE5M_2026-03-30T12:35:00Z,skip_entry,blocked,blocked_target_profit_floor,no,0.72,0.39,1.11,198,,,,,,,,,,0.0,0.0,rest_fallback,sum_ask=1.110000 required_sum_ask<=0.990000 target_profit_pct=1.0000
2026-03-30T12:31:55Z,XRP5M_2026-03-30T12:35:00Z,skip_entry,blocked,blocked_target_profit_floor,no,0.96,0.06,1.02,185,,,,,,,,,,0.0,0.0,rest_fallback,sum_ask=1.020000 required_sum_ask<=0.990000 target_profit_pct=1.0000
2026-03-30T12:31:56Z,BTC5M_2026-03-30T12:35:00Z,skip_entry,blocked,blocked_target_profit_floor,no,0.94,0.07,1.01,184,,,,,,,,,,0.0,0.0,rest_fallback,sum_ask=1.010000 required_sum_ask<=0.990000 target_profit_pct=1.0000
2026-03-30T12:31:56Z,ETH5M_2026-03-30T12:35:00Z,skip_entry,blocked,blocked_target_profit_floor,no,0.93,0.08,1.01,184,,,,,,,,,,0.0,0.0,rest_fallback,sum_ask=1.010000 required_sum_ask<=0.990000 target_profit_pct=1.0000
2026-03-30T12:31:56Z,DOGE5M_2026-03-30T12:35:00Z,skip_entry,blocked,blocked_target_profit_floor,no,0.9,0.16,1.06,184,,,,,,,,,,0.0,0.0,rest_fallback,sum_ask=1.060000 required_sum_ask<=0.990000 target_profit_pct=1.0000
2026-03-30T12:31:57Z,HYPE5M_2026-03-30T12:35:00Z,skip_entry,blocked,blocked_target_profit_floor,no,0.7,0.41,1.11,183,,,,,,,,,,0.0,0.0,rest_fallback,sum_ask=1.110000 required_sum_ask<=0.990000 target_profit_pct=1.0000
2026-03-30T12:31:57Z,BNB5M_2026-03-30T12:35:00Z,skip_entry,blocked,blocked_target_profit_floor,no,0.92,0.14,1.06,183,,,,,,,,,,0.0,0.0,rest_fallback,sum_ask=1.060000 required_sum_ask<=0.990000 target_profit_pct=1.0000
2026-03-30T12:32:11Z,XRP5M_2026-03-30T12:35:00Z,skip_entry,blocked,blocked_target_profit_floor,no,0.99,0.02,1.01,169,,,,,,,,,,0.0,0.0,rest_fallback,sum_ask=1.010000 required_sum_ask<=0.990000 target_profit_pct=1.0000
2026-03-30T12:32:11Z,DOGE5M_2026-03-30T12:35:00Z,skip_entry,blocked,blocked_target_profit_floor,no,0.95,0.07,1.02,169,,,,,,,,,,0.0,0.0,rest_fallback,sum_ask=1.020000 required_sum_ask<=0.990000 target_profit_pct=1.0000
2026-03-30T12:32:12Z,BTC5M_2026-03-30T12:35:00Z,skip_entry,blocked,blocked_target_profit_floor,no,0.94,0.07,1.01,168,,,,,,,,,,0.0,0.0,rest_fallback,sum_ask=1.010000 required_sum_ask<=0.990000 target_profit_pct=1.0000
2026-03-30T12:32:12Z,ETH5M_2026-03-30T12:35:00Z,skip_entry,blocked,blocked_target_profit_floor,no,0.97,0.04,1.01,168,,,,,,,,,,0.0,0.0,rest_fallback,sum_ask=1.010000 required_sum_ask<=0.990000 target_profit_pct=1.0000
2026-03-30T12:32:12Z,HYPE5M_2026-03-30T12:35:00Z,skip_entry,blocked,blocked_target_profit_floor,no,0.83,0.29,1.12,168,,,,,,,,,,0.0,0.0,rest_fallback,sum_ask=1.120000 required_sum_ask<=0.990000 target_profit_pct=1.0000
2026-03-30T12:32:13Z,BNB5M_2026-03-30T12:35:00Z,skip_entry,blocked,blocked_target_profit_floor,no,0.92,0.09,1.01,167,,,,,,,,,,0.0,0.0,rest_fallback,sum_ask=1.010000 required_sum_ask<=0.990000 target_profit_pct=1.0000
2026-03-30T12:32:27Z,XRP5M_2026-03-30T12:35:00Z,skip_entry,blocked,blocked_target_profit_floor,no,0.99,0.02,1.01,153,,,,,,,,,,0.0,0.0,rest_fallback,sum_ask=1.010000 required_sum_ask<=0.990000 target_profit_pct=1.0000
2026-03-30T12:32:27Z,DOGE5M_2026-03-30T12:35:00Z,skip_entry,blocked,blocked_target_profit_floor,no,0.98,0.07,1.05,153,,,,,,,,,,0.0,0.0,rest_fallback,sum_ask=1.050000 required_sum_ask<=0.990000 target_profit_pct=1.0000
2026-03-30T12:32:28Z,BTC5M_2026-03-30T12:35:00Z,skip_entry,blocked,blocked_target_profit_floor,no,0.92,0.093304,1.013304,152,,,,,,,,,,0.0,0.0,rest_fallback,sum_ask=1.013304 required_sum_ask<=0.990000 target_profit_pct=1.0000
2026-03-30T12:32:28Z,ETH5M_2026-03-30T12:35:00Z,skip_entry,blocked,blocked_target_profit_floor,no,0.97,0.05,1.02,152,,,,,,,,,,0.0,0.0,rest_fallback,sum_ask=1.020000 required_sum_ask<=0.990000 target_profit_pct=1.0000
2026-03-30T12:32:28Z,HYPE5M_2026-03-30T12:35:00Z,skip_entry,blocked,blocked_target_profit_floor,no,0.8,0.27,1.07,152,,,,,,,,,,0.0,0.0,rest_fallback,sum_ask=1.070000 required_sum_ask<=0.990000 target_profit_pct=1.0000
2026-03-30T12:32:29Z,BNB5M_2026-03-30T12:35:00Z,skip_entry,blocked,blocked_target_profit_floor,no,0.92,0.09,1.01,151,,,,,,,,,,0.0,0.0,rest_fallback,sum_ask=1.010000 required_sum_ask<=0.990000 target_profit_pct=1.0000
2026-03-30T12:32:42Z,DOGE5M_2026-03-30T12:35:00Z,skip_entry,blocked,blocked_target_profit_floor,no,0.98,0.09,1.07,138,,,,,,,,,,0.0,0.0,rest_fallback,sum_ask=1.070000 required_sum_ask<=0.990000 target_profit_pct=1.0000
2026-03-30T12:32:43Z,XRP5M_2026-03-30T12:35:00Z,skip_entry,blocked,blocked_target_profit_floor,no,0.99,0.02,1.01,137,,,,,,,,,,0.0,0.0,rest_fallback,sum_ask=1.010000 required_sum_ask<=0.990000 target_profit_pct=1.0000
2026-03-30T12:32:43Z,BTC5M_2026-03-30T12:35:00Z,skip_entry,blocked,blocked_target_profit_floor,no,0.94,0.07,1.01,137,,,,,,,,,,0.0,0.0,rest_fallback,sum_ask=1.010000 required_sum_ask<=0.990000 target_profit_pct=1.0000
2026-03-30T12:32:44Z,ETH5M_2026-03-30T12:35:00Z,skip_entry,blocked,blocked_target_profit_floor,no,0.96,0.06245,1.02245,136,,,,,,,,,,0.0,0.0,rest_fallback,sum_ask=1.022450 required_sum_ask<=0.990000 target_profit_pct=1.0000
2026-03-30T12:32:44Z,HYPE5M_2026-03-30T12:35:00Z,skip_entry,blocked,blocked_target_profit_floor,no,0.81,0.27,1.08,136,,,,,,,,,,0.0,0.0,rest_fallback,sum_ask=1.080000 required_sum_ask<=0.990000 target_profit_pct=1.0000
2026-03-30T12:32:45Z,BNB5M_2026-03-30T12:35:00Z,skip_entry,blocked,blocked_target_profit_floor,no,0.92,0.09,1.01,135,,,,,,,,,,0.0,0.0,rest_fallback,sum_ask=1.010000 required_sum_ask<=0.990000 target_profit_pct=1.0000
2026-03-30T12:32:57Z,DOGE5M_2026-03-30T12:35:00Z,skip_entry,blocked,blocked_target_profit_floor,no,0.98,0.07,1.05,123,,,,,,,,,,0.0,0.0,rest_fallback,sum_ask=1.050000 required_sum_ask<=0.990000 target_profit_pct=1.0000
2026-03-30T12:32:58Z,XRP5M_2026-03-30T12:35:00Z,skip_entry,blocked,blocked_target_profit_floor,no,0.99,0.02,1.01,122,,,,,,,,,,0.0,0.0,rest_fallback,sum_ask=1.010000 required_sum_ask<=0.990000 target_profit_pct=1.0000
2026-03-30T12:32:59Z,BTC5M_2026-03-30T12:35:00Z,skip_entry,blocked,blocked_target_profit_floor,no,0.95,0.06,1.01,121,,,,,,,,,,0.0,0.0,rest_fallback,sum_ask=1.010000 required_sum_ask<=0.990000 target_profit_pct=1.0000
2026-03-30T12:33:00Z,ETH5M_2026-03-30T12:35:00Z,skip_entry,blocked,blocked_target_profit_floor,no,0.97,0.04,1.01,120,,,,,,,,,,0.0,0.0,rest_fallback,sum_ask=1.010000 required_sum_ask<=0.990000 target_profit_pct=1.0000
2026-03-30T12:33:00Z,HYPE5M_2026-03-30T12:35:00Z,skip_entry,blocked,blocked_target_profit_floor,no,0.85,0.2,1.05,120,,,,,,,,,,0.0,0.0,rest_fallback,sum_ask=1.050000 required_sum_ask<=0.990000 target_profit_pct=1.0000
2026-03-30T12:33:00Z,BNB5M_2026-03-30T12:35:00Z,skip_entry,blocked,blocked_target_profit_floor,no,0.93,0.12,1.05,120,,,,,,,,,,0.0,0.0,rest_fallback,sum_ask=1.050000 required_sum_ask<=0.990000 target_profit_pct=1.0000
